Gene Name	Mutation	Protein Position	HGVSc	HGVSp	HLA Allele	Mutation Position	MT Epitope Seq	Median MT Score	Median WT Score	Median Fold Change	Best MT Score	Corresponding WT Score	Corresponding Fold Change	Tumor DNA Depth	Tumor DNA VAF	Tumor RNA Depth	Tumor RNA VAF	Gene Expression	Rank
OR1J2	L/F	260	ENST00000335302.5:c.778C>T	ENSP00000335575.5:p.Leu260Phe	HLA-C*03:03	2	YFFPTVSSSI	2434.437	1434.654	0.589	1.53	33.61	21.967	79	NA	NA	NA	NA	1
DCAF1	P/L	308	ENST00000504652.5:c.923C>T	ENSP00000421724.2:p.Pro308Leu	HLA-C*03:03	8	SSWSEMSL	1991.4089999999999	22415.664	11.255999999999998	2.47	732.3	296.478	126	NA	NA	NA	NA	2
PTBP3	P/L	43	ENST00000458258.5:c.128C>T	ENSP00000414921.1:p.Pro43Leu	HLA-C*03:03	8	FTMNSSTL	235.388	14369.225	61.045	3.23	2747.26	850.545	29	NA	NA	NA	NA	3
CASP8AP2	K/T	1878	ENST00000551025.3:c.5633A>C	ENSP00000478179.1:p.Lys1878Thr	HLA-C*03:03	1	TASKKKAPP	774.185	642.785	0.83	1.19	6.75	5.672000000000001	91	NA	NA	NA	NA	4
CELSR1	L/F	2698	ENST00000262738.7:c.8092C>T	ENSP00000262738.3:p.Leu2698Phe	HLA-C*03:03	7	LQGPFVFL	4788.049	4403.307	0.92	3.17	292.74	92.34700000000001	17	NA	NA	NA	NA	5
MEI1	G/E	507	ENST00000401548.8:c.1520G>A	ENSP00000384115.3:p.Gly507Glu	HLA-C*03:03	9	KFLLSTLEEF	28022.49	32097.801	1.145	2.16	33.76	15.63	35	NA	NA	NA	NA	6
TBC1D12	R/L	286	ENST00000225235.5:c.857G>T	ENSP00000225235.4:p.Arg286Leu	HLA-C*03:03	3	SALDHLPPA	34.34	525.09	15.290999999999999	1.64	11.63	7.091	17	NA	NA	NA	NA	7
SMARCAD1	V/D	888	ENST00000354268.8:c.2663T>A	ENSP00000346217.4:p.Val888Asp	HLA-C*03:03	9	TMMLDILEDL	13289.195	10555.382	0.794	3.38	271.79	80.411	64	NA	NA	NA	NA	8
REST	P/T	752	ENST00000309042.12:c.2254C>A	ENSP00000311816.7:p.Pro752Thr	HLA-C*03:03	8	VQIELSPT	21069.626	24825.033	1.178	3.56	215.97	60.666000000000004	31	NA	NA	NA	NA	9
GNB4	P/L	107	ENST00000232564.8:c.320C>T	ENSP00000232564.3:p.Pro107Leu	HLA-C*03:03	3	YALSGNYVA	59.208999999999996	176.545	2.9819999999999998	1.54	5.46	3.545	56	NA	NA	NA	NA	10
PTBP3	P/L	37	ENST00000334318.10:c.110C>T	ENSP00000334499.6:p.Pro37Leu	HLA-C*03:03	4	SSTLSTGVYA	15288.146999999999	4965.219	0.325	3.17	59.52	18.776	29	NA	NA	NA	NA	11
KCNA6	P/S	514	ENST00000280684.3:c.1540C>T	ENSP00000280684.3:p.Pro514Ser	HLA-C*03:03	3	YLSTPHRAY	306.812	1699.225	5.537999999999999	3.55	86.42	24.344	81	NA	NA	NA	NA	12
OR1J1	L/F	157	ENST00000259357.3:c.469C>T	ENSP00000259357.2:p.Leu157Phe	HLA-C*03:03	8	VIACACAFL	673.377	367.837	0.546	2.23	9.9	4.439	50	NA	NA	NA	NA	13
MADD	S/F	1620	ENST00000311027.9:c.4859C>T	ENSP00000310933.4:p.Ser1620Phe	HLA-C*03:03	9	PMAHEICYF	5221.105	14751.541000000001	2.825	3.38	50.75	15.015	68	NA	NA	NA	NA	14
SPEF2	K/E	219	ENST00000282469.10:c.655A>G	ENSP00000282469.6:p.Lys219Glu	HLA-C*03:03	7	AIIQIPEPA	691.283	639.0369999999999	0.924	2.06	6.0	2.9130000000000003	30	NA	NA	NA	NA	15
KIAA0319L	P/S	278	ENST00000325722.8:c.832C>T	ENSP00000318406.3:p.Pro278Ser	HLA-C*03:03	3	AVSQPVAPS	1204.6	599.155	0.49700000000000005	4.4	107.06	24.331999999999997	25	NA	NA	NA	NA	15
SF3B1	P/L	718	ENST00000335508.10:c.2153C>T	ENSP00000335321.5:p.Pro718Leu	HLA-C*03:03	9	AALAEAATL	4.41	1350.165	306.16	0.98	1.97	2.01	63	NA	NA	NA	NA	16
SHANK2	S/F	503	ENST00000409161.5:c.1508C>T	ENSP00000386491.1:p.Ser503Phe	HLA-C*03:03	1	FPAFLSTDL	358.41900000000004	1123.49	3.135	3.05	16.51	5.412999999999999	35	NA	NA	NA	NA	17
GRIA1	G/E	818	ENST00000285900.10:c.2453G>A	ENSP00000285900.4:p.Gly818Glu	HLA-C*03:03	8	YILIGGLEL	30.441	57.82899999999999	1.9	1.51	3.32	2.199	26	NA	NA	NA	NA	17
SPDEF	S/L	229	ENST00000374037.8:c.686C>T	ENSP00000363149.3:p.Ser229Leu	HLA-C*03:03	8	GAIHYCAL	1222.64	17801.496	14.56	3.2	21.37	6.678	28	NA	NA	NA	NA	17
SYT14	S/F	354	ENST00000367015.5:c.1061C>T	ENSP00000355982.1:p.Ser354Phe	HLA-C*03:03	1	FQMSVSEM	2401.032	7607.728	3.1689999999999996	2.88	11.24	3.903	69	NA	NA	NA	NA	18
CDKN2A	RG/RX	82-83	ENST00000579755.1:c.246_247del	ENSP00000462950.1:p.Gly83SerfsTer77	HLA-C*03:03	7	AAAPRRSPT	35.14	71.5	2.035	1.4	2.75	1.964	17	NA	NA	NA	NA	18
BTBD9	R/C	46	ENST00000649492.1:c.136C>T	ENSP00000497066.1:p.Arg46Cys	HLA-C*03:03	7	FVVEKKCFPA	10650.655	12346.186000000002	1.159	4.15	43.44	10.467	54	NA	NA	NA	NA	19
ADRA1A	V/I	311	ENST00000276393.8:c.931G>A	ENSP00000276393.4:p.Val311Ile	HLA-C*03:03	3	KIIFWLGYL	1159.271	1538.855	1.327	2.79	9.27	3.323	72	NA	NA	NA	NA	20
SYT6	R/L	153	ENST00000369547.5:c.458G>T	ENSP00000358560.1:p.Arg153Leu	HLA-C*03:03	4	FSLLYDYET	2154.875	1365.145	0.634	1.6	3.27	2.044	52	NA	NA	NA	NA	20
PTBP3	P/S	37	ENST00000334318.10:c.109C>T	ENSP00000334499.6:p.Pro37Ser	HLA-C*03:03	3	STSSTGVYA	1683.98	2057.605	1.222	4.29	42.53	9.914	29	NA	NA	NA	NA	21
MED12	C/Y	364	ENST00000374080.8:c.1091G>A	ENSP00000363193.3:p.Cys364Tyr	HLA-C*03:03	9	RPLVFGLSYI	14756.083999999999	13349.413999999999	0.905	2.72	7.47	2.7460000000000004	48	NA	NA	NA	NA	22
ADGRG4	L/F	1714	ENST00000394141.1:c.5142G>C	ENSP00000377697.1:p.Leu1714Phe	HLA-C*03:03	1	FSTFTASQT	1059.765	2370.19	2.237	6.56	633.54	96.57600000000001	111	NA	NA	NA	NA	23
PTBP3	P/S	43	ENST00000458258.5:c.127C>T	ENSP00000414921.1:p.Pro43Ser	HLA-C*03:03	6	MNSSTSSTA	1536.01	1411.96	0.919	3.28	11.37	3.466	29	NA	NA	NA	NA	23
KLHL40	R/S	138	ENST00000287777.5:c.412C>A	ENSP00000287777.4:p.Arg138Ser	HLA-C*03:03	4	AVFSLGLLL	210.645	215.69299999999998	1.024	4.6	33.89	7.367000000000001	115	NA	NA	NA	NA	24
F2RL2	L/F	141	ENST00000296641.5:c.421C>T	ENSP00000296641.3:p.Leu141Phe	HLA-C*03:03	2	FFFCVTLPF	566.07	238.92	0.42200000000000004	1.27	2.11	1.661	42	NA	NA	NA	NA	24
OXGR1	G/V	22	ENST00000543457.5:c.65G>T	ENSP00000438800.1:p.Gly22Val	HLA-C*03:03	1	VNCTDENIPL	6349.628000000001	8731.071	1.375	2.32	4.99	2.151	128	NA	NA	NA	NA	25
ANO5	R/H	455	ENST00000324559.8:c.1364G>A	ENSP00000315371.8:p.Arg455His	HLA-C*03:03	4	LYTHIPWYF	5335.4	4582.24	0.8590000000000001	3.92	17.02	4.342	54	NA	NA	NA	NA	25
KCNC2	L/S	298	ENST00000393288.2:c.893T>C	ENSP00000376966.2:p.Leu298Ser	HLA-C*03:03	8	VWFTFEFS	39294.503	13836.155	0.35200000000000004	4.72	39.28	8.322000000000001	101	NA	NA	NA	NA	25
FUCA1	S/Y	242	ENST00000374479.3:c.725C>A	ENSP00000363603.3:p.Ser242Tyr	HLA-A*01:01	1	YTNFLSWLY	42.107	121.93	2.8960000000000004	3.26	9.31	2.8560000000000003	63	NA	NA	NA	NA	26
PARP15	R/T	32	ENST00000464300.7:c.95G>C	ENSP00000417214.2:p.Arg32Thr	HLA-C*03:03	7	VAGVTSTA	3818.9829999999997	8858.716999999999	2.32	2.04	3.72	1.824	95	NA	NA	NA	NA	27
SLC4A10	L/F	341	ENST00000415876.6:c.1023G>T	ENSP00000395797.2:p.Leu341Phe	HLA-C*03:03	1	FFILLGPL	5500.806	12496.483	2.272	2.32	4.47	1.9269999999999998	81	NA	NA	NA	NA	28
FADS6	C/S	139	ENST00000612771.5:c.415T>A	ENSP00000481684.1:p.Cys139Ser	HLA-C*03:03	6	FFVEVSTA	15553.886999999999	18387.254	1.182	1.63	2.66	1.632	65	NA	NA	NA	NA	28
SNRNP200	R/C	1538	ENST00000323853.10:c.4612C>T	ENSP00000317123.5:p.Arg1538Cys	HLA-C*03:03	9	FNISHTQTCL	1466.974	2693.687	1.8359999999999999	4.94	30.24	6.121	110	NA	NA	NA	NA	29
GLI1	S/F	1094	ENST00000228682.7:c.3281C>T	ENSP00000228682.2:p.Ser1094Phe	HLA-C*03:03	2	RFLPGETEFL	6358.335999999999	1351.102	0.212	3.5	9.43	2.694	46	NA	NA	NA	NA	30
FAM161B	E/Q	563	ENST00000286544.5:c.1687G>C	ENSP00000286544.4:p.Glu563Gln	HLA-C*03:03	1	QQWYLDTL	18071.55	18880.753	1.045	5.93	74.19	12.511	55	NA	NA	NA	NA	31
ADAM29	G/E	589	ENST00000404450.8:c.1766G>A	ENSP00000384229.3:p.Gly589Glu	HLA-C*03:03	8	WSTDYHLEM	31.21	319.97	10.252	6.17	104.29	16.903	117	NA	NA	NA	NA	31
CARD6	L/F	638	ENST00000254691.10:c.1912C>T	ENSP00000254691.5:p.Leu638Phe	HLA-C*03:03	1	FRCVSVEDMA	34508.691	38112.462999999996	1.104	5.09	32.3	6.346	28	NA	NA	NA	NA	32
ABHD5	V/L	245	ENST00000458276.7:c.733G>C	ENSP00000390849.3:p.Val245Leu	HLA-C*03:03	9	SSMFEDDTL	249.343	1940.91	7.784	7.89	1159.45	146.952	150	NA	NA	NA	NA	33
ST8SIA6	G/W	192	ENST00000377602.5:c.574G>T	ENSP00000366827.4:p.Gly192Trp	HLA-C*03:03	7	CAVVGNWGI	569.665	913.059	1.6030000000000002	8.0	1177.54	147.192	47	NA	NA	NA	NA	34
SAMD7	R/W	67	ENST00000335556.7:c.199C>T	ENSP00000334668.3:p.Arg67Trp	HLA-C*03:03	5	VLSSWIYPG	4504.535	4303.135	0.955	5.33	26.51	4.974	109	NA	NA	NA	NA	34
EPB41L2	P/S	568	ENST00000337057.8:c.1702C>T	ENSP00000338481.3:p.Pro568Ser	HLA-C*03:03	2	FSGAAGEISA	3642.579	7383.391	2.0269999999999997	7.02	133.74	19.051	36	NA	NA	NA	NA	35
GRHL2	S/F	356	ENST00000646743.1:c.1067C>T	ENSP00000495564.1:p.Ser356Phe	HLA-C*03:03	7	IAYNAVFFT	1052.39	745.995	0.7090000000000001	1.63	2.23	1.368	84	NA	NA	NA	NA	35
BRSK2	R/W	399	ENST00000308219.13:c.1195C>T	ENSP00000310697.9:p.Arg399Trp	HLA-C*03:03	3	ARWAIEMA	38626.66	39257.757000000005	1.016	5.08	17.02	3.35	38	NA	NA	NA	NA	36
SMR3B	R/K	58	ENST00000304915.8:c.173G>A	ENSP00000302400.3:p.Arg58Lys	HLA-C*03:03	1	KIPPPPPA	10317.595	9478.155	0.919	4.52	12.1	2.677	156	NA	NA	NA	NA	37
CPB2	F/S	409	ENST00000181383.10:c.1226T>C	ENSP00000181383.4:p.Phe409Ser	HLA-C*03:03	2	ASAAVSKIA	1975.255	5807.775	2.94	2.69	4.47	1.662	98	NA	NA	NA	NA	38
LRP4	P/A	455	ENST00000378623.6:c.1363C>G	ENSP00000367888.1:p.Pro455Ala	HLA-C*03:03	2	LAHRSEYTL	17.955	1255.994	69.952	5.79	23.53	4.064	71	NA	NA	NA	NA	39
DCAF12L1	S/F	281	ENST00000371126.3:c.842C>T	ENSP00000360167.1:p.Ser281Phe	HLA-C*03:03	2	VFLDGYFHL	313.895	60.718	0.193	1.84	2.48	1.348	42	NA	NA	NA	NA	40
SLC4A5	S/F	364	ENST00000358683.8:c.1091C>T	ENSP00000351513.4:p.Ser364Phe	HLA-C*03:03	2	FFLAELGQM	1138.259	43.78	0.038	3.2	5.77	1.8030000000000002	35	NA	NA	NA	NA	41
TEAD1	P/S	156	ENST00000526600.1:c.466C>T	ENSP00000435393.1:p.Pro156Ser	HLA-C*03:03	4	YSDSLLES	12691.303	8532.213	0.672	4.65	11.62	2.499	67	NA	NA	NA	NA	42
DPEP2	P/S	480	ENST00000393847.6:c.1438C>T	ENSP00000377430.1:p.Pro480Ser	HLA-C*03:03	6	VVATFSVL	2055.436	2001.668	0.9740000000000001	2.63	3.96	1.506	42	NA	NA	NA	NA	43
CAMKK2	P/S	60	ENST00000324774.9:c.178C>T	ENSP00000312741.5:p.Pro60Ser	HLA-C*03:03	3	CESGCAVDL	5656.375	4436.737	0.784	7.9	192.14	24.322	89	NA	NA	NA	NA	44
PHLDB2	H/Q	889	ENST00000393925.7:c.2667T>A	ENSP00000377502.3:p.His889Gln	HLA-C*03:03	4	KKQQKEGLYL	20486.197	21892.521	1.069	6.49	32.77	5.0489999999999995	92	NA	NA	NA	NA	45
CREG2	R/P	251	ENST00000324768.6:c.752G>C	ENSP00000315203.4:p.Arg251Pro	HLA-C*03:03	3	WPPQYEWFFM	29474.029	30781.058999999997	1.044	3.65	6.95	1.9040000000000001	68	NA	NA	NA	NA	46
XK	R/S	186	ENST00000378616.5:c.556C>A	ENSP00000367879.3:p.Arg186Ser	HLA-C*03:03	4	GALSCNIL	2722.0679999999998	3203.658	1.177	6.48	29.21	4.508	44	NA	NA	NA	NA	46
TP63	M/I	499	ENST00000264731.8:c.1497G>T	ENSP00000264731.3:p.Met499Ile	HLA-C*03:03	3	DGIGANIPM	367.274	599.653	1.633	5.65	15.88	2.8110000000000004	52	NA	NA	NA	NA	47
KCNH2	L/F	468	ENST00000262186.10:c.1402C>T	ENSP00000262186.5:p.Leu468Phe	HLA-C*03:03	7	MFIVDIFI	20347.52	18970.977	0.932	7.42	86.81	11.699000000000002	127	NA	NA	NA	NA	47
TNFRSF8	P/S	215	ENST00000263932.7:c.643C>T	ENSP00000263932.2:p.Pro215Ser	HLA-C*03:03	2	SSSSVGRPS	1065.725	5902.595	5.539	10.49	7128.96	679.596	42	NA	NA	NA	NA	48
CLDN7	C/F	64	ENST00000360325.11:c.191G>T	ENSP00000353475.7:p.Cys64Phe	HLA-C*03:03	1	FKMYDSVL	5798.355	18338.328	3.1630000000000003	7.32	70.36	9.612	81	NA	NA	NA	NA	48
TLR9	G/S	514	ENST00000360658.2:c.1540G>A	ENSP00000353874.2:p.Gly514Ser	HLA-C*03:03	3	VNSSQFLPL	533.575	816.575	1.53	1.8	2.3	1.278	53	NA	NA	NA	NA	48
WFS1	S/Y	308	ENST00000226760.5:c.923C>A	ENSP00000226760.1:p.Ser308Tyr	HLA-C*03:03	7	YLIDMAYRA	2248.655	1752.96	0.78	2.75	4.06	1.476	70	NA	NA	NA	NA	48
CYP2A13	R/Q	485	ENST00000330436.4:c.1454G>A	ENSP00000332679.1:p.Arg485Gln	HLA-C*03:03	6	FATIPQNYTM	73.702	63.251999999999995	0.858	2.15	2.84	1.321	68	NA	NA	NA	NA	49
XPO1	Q/E	15	ENST00000401558.7:c.43C>G	ENSP00000384863.2:p.Gln15Glu	HLA-C*03:03	8	LADHAAREL	42.273999999999994	71.65	1.695	7.66	84.5	11.030999999999999	46	NA	NA	NA	NA	50
ENTPD8	T/I	412	ENST00000344119.6:c.1235C>T	ENSP00000344089.2:p.Thr412Ile	HLA-C*03:03	4	LNLIGMIPA	6405.99	4476.35	0.6990000000000001	1.71	2.09	1.222	100	NA	NA	NA	NA	51
LRRC41	C/Y	481	ENST00000343304.10:c.1442G>A	ENSP00000343298.6:p.Cys481Tyr	HLA-C*03:03	6	AALTLYHL	2320.855	1835.075	0.7909999999999999	2.33	3.07	1.318	35	NA	NA	NA	NA	51
MPPED2	L/F	81	ENST00000358117.9:c.241C>T	ENSP00000350833.4:p.Leu81Phe	HLA-C*03:03	9	IQMPYGDIFL	3518.8379999999997	3611.947	1.026	10.21	596.49	58.422	22	NA	NA	NA	NA	52
ZSCAN23	Q/E	164	ENST00000289788.4:c.490C>G	ENSP00000289788.4:p.Gln164Glu	HLA-C*03:03	5	SSNDEFQTL	76.415	76.8	1.005	5.71	12.75	2.233	30	NA	NA	NA	NA	53
ZNF614	G/S	267	ENST00000270649.11:c.799G>A	ENSP00000270649.5:p.Gly267Ser	HLA-C*03:03	2	KSSTVKSSL	88.4	474.86199999999997	5.372000000000001	10.08	271.05	26.89	54	NA	NA	NA	NA	53
CPO	L/M	341	ENST00000272852.4:c.1021C>A	ENSP00000272852.2:p.Leu341Met	HLA-C*03:03	7	EAVLSVMDD	13451.171	12486.125	0.9279999999999999	5.86	14.61	2.4930000000000003	61	NA	NA	NA	NA	53
DOCK2	P/S	732	ENST00000524185.5:c.2194C>T	ENSP00000428850.1:p.Pro732Ser	HLA-C*03:03	1	SILRTLKAL	151.577	2809.805	18.537	10.42	352.36	33.816	66	NA	NA	NA	NA	54
FAM221A	Q/K	184	ENST00000344962.9:c.550C>A	ENSP00000342576.4:p.Gln184Lys	HLA-C*03:03	3	VGKDIPYA	26526.17	18106.194	0.6829999999999999	5.21	10.86	2.084	90	NA	NA	NA	NA	55
IDS	A/T	411	ENST00000340855.11:c.1231G>A	ENSP00000339801.6:p.Ala411Thr	HLA-C*03:03	8	VSLFPTLTGL	1982.636	2070.4320000000002	1.044	4.14	6.62	1.599	13	NA	NA	NA	NA	56
MAOA	W/L	196	ENST00000338702.3:c.587G>T	ENSP00000340684.3:p.Trp196Leu	HLA-A*01:01	8	VSALWFLLY	62.214	114.045	1.8330000000000002	6.03	15.04	2.494	39	NA	NA	NA	NA	56
SIDT1	M/I	221	ENST00000393830.4:c.663G>A	ENSP00000377416.4:p.Met221Ile	HLA-C*03:03	4	QNIICPVYDL	19226.116	19228.631999999998	1.0	2.11	2.46	1.166	149	NA	NA	NA	NA	57
OR4D11	P/A	58	ENST00000313253.1:c.172C>G	ENSP00000320077.1:p.Pro58Ala	HLA-C*03:03	6	SRLHTAMYFL	20961.785	20040.471999999998	0.956	5.65	10.11	1.7890000000000001	74	NA	NA	NA	NA	58
FZD7	P/S	285	ENST00000286201.2:c.853C>T	ENSP00000286201.1:p.Pro285Ser	HLA-C*03:03	4	FSYSERPIIF	1549.9820000000002	1284.797	0.8290000000000001	2.83	3.38	1.194	56	NA	NA	NA	NA	59
ZNF292	A/D	405	ENST00000369577.8:c.1214C>A	ENSP00000358590.3:p.Ala405Asp	HLA-C*03:03	5	DAYYDVEML	86.82	62.985	0.725	3.76	4.98	1.324	42	NA	NA	NA	NA	60
NFASC	A/T	503	ENST00000401399.5:c.1507G>A	ENSP00000385637.1:p.Ala503Thr	HLA-C*03:03	7	GIYTCVTT	23641.263	21840.782000000003	0.924	7.48	20.75	2.7739999999999996	68	NA	NA	NA	NA	61
ARL4C	G/S	71	ENST00000339728.6:c.211G>A	ENSP00000339754.3:p.Gly71Ser	HLA-C*03:03	3	VGSQEKLRPL	5362.062	6563.715999999999	1.224	7.85	22.36	2.8480000000000003	63	NA	NA	NA	NA	62
CHRNB3	R/Q	428	ENST00000289957.3:c.1283G>A	ENSP00000289957.2:p.Arg428Gln	HLA-C*03:03	6	AQVLDQIFL	2236.1279999999997	2172.591	0.972	4.85	6.92	1.4269999999999998	109	NA	NA	NA	NA	63
ARSF	V/M	292	ENST00000359361.2:c.874G>A	ENSP00000352319.2:p.Val292Met	HLA-C*03:03	6	FSFLHMHTPL	622.1519999999999	553.604	0.89	1.3	1.26	0.9690000000000001	70	NA	NA	NA	NA	64
DICER1	A/T	875	ENST00000343455.7:c.2623G>A	ENSP00000343745.3:p.Ala875Thr	HLA-C*03:03	2	STYCVLPL	1937.901	444.805	0.23	1.58	1.58	1.0	53	NA	NA	NA	NA	65
VCAN	D/N	203	ENST00000265077.8:c.607G>A	ENSP00000265077.3:p.Asp203Asn	HLA-C*03:03	3	LANQTVRYPI	7944.348000000001	5065.791	0.638	6.35	11.01	1.734	24	NA	NA	NA	NA	66
NPSR1	D/H	11	ENST00000359791.5:c.31G>C	ENSP00000352839.1:p.Asp11His	HLA-C*03:03	9	ANFTEGSFHS	32624.742000000002	30160.891	0.924	4.01	5.04	1.2570000000000001	35	NA	NA	NA	NA	67
SLC7A6	F/L	466	ENST00000219343.11:c.1398C>A	ENSP00000219343.6:p.Phe466Leu	HLA-C*03:03	10	IALSGVPFYL	803.8489999999999	1920.6960000000001	2.3890000000000002	2.01	2.07	1.03	39	NA	NA	NA	NA	67
DCP1B	P/S	98	ENST00000280665.11:c.292C>T	ENSP00000280665.6:p.Pro98Ser	HLA-C*03:03	1	SFLLYRNARL	23804.411	30416.896	1.278	3.16	3.6	1.139	70	NA	NA	NA	NA	67
OR6C3	Y/N	178	ENST00000379667.1:c.532T>A	ENSP00000368989.1:p.Tyr178Asn	HLA-C*03:03	5	FACDNFPL	37.235	61.16	1.643	1.29	1.2	0.93	127	NA	NA	NA	NA	68
SPO11	G/S	88	ENST00000371263.8:c.262G>A	ENSP00000360310.3:p.Gly88Ser	HLA-C*03:03	7	KFEDSVSL	6702.79	11148.966	1.663	10.05	41.92	4.171	41	NA	NA	NA	NA	69
MAGEA10	W/C	329	ENST00000370323.9:c.987G>C	ENSP00000359347.4:p.Trp329Cys	HLA-C*03:03	4	FPLCYEEAL	783.365	567.01	0.7240000000000001	5.2	6.8	1.308	49	NA	NA	NA	NA	70
XIRP2	G/R	127	ENST00000409043.5:c.379G>A	ENSP00000386454.1:p.Gly127Arg	HLA-C*03:03	7	FEAPKSRNK	3559.615	2594.322	0.7290000000000001	6.9	11.93	1.729	60	NA	NA	NA	NA	71
CD163	P/L	310	ENST00000359156.8:c.929C>T	ENSP00000352071.4:p.Pro310Leu	HLA-C*03:03	3	GCLTAVTAI	2210.464	518.991	0.235	9.56	24.03	2.5140000000000002	50	NA	NA	NA	NA	71
KBTBD3	F/L	126	ENST00000526793.5:c.378C>A	ENSP00000436262.1:p.Phe126Leu	HLA-C*03:03	3	MFLQLSSF	18058.924	12534.878999999999	0.6940000000000001	6.37	9.17	1.44	30	NA	NA	NA	NA	72
ZNF280C	H/Y	379	ENST00000370978.9:c.1135C>T	ENSP00000360017.4:p.His379Tyr	HLA-C*03:03	3	TPYEFSTI	4346.174	8452.846	1.945	17.72	2733.07	154.236	12	NA	NA	NA	NA	73
OR4S2	R/C	120	ENST00000312422.2:c.358C>T	ENSP00000310337.2:p.Arg120Cys	HLA-C*03:03	5	MAYDCYVA	3514.4770000000003	2424.575	0.69	1.98	1.83	0.924	79	NA	NA	NA	NA	74
NAT2	E/K	264	ENST00000286479.4:c.790G>A	ENSP00000286479.3:p.Glu264Lys	HLA-B*40:02	1	KEVLRNIF	1090.145	1732.74	1.589	17.2	829.14	48.206	41	NA	NA	NA	NA	75
ZNF292	V/M	1801	ENST00000369577.8:c.5401G>A	ENSP00000358590.3:p.Val1801Met	HLA-C*03:03	9	IQLPSVNTM	252.22299999999998	2147.053	8.513	13.51	116.31	8.609	38	NA	NA	NA	NA	75
EPHB4	P/L	346	ENST00000358173.8:c.1037C>T	ENSP00000350896.3:p.Pro346Leu	HLA-C*03:03	3	SALLESGGR	3984.085	6995.885	1.756	15.8	285.5	18.07	55	NA	NA	NA	NA	76
SLC22A13	S/F	32	ENST00000311856.9:c.95C>T	ENSP00000310241.3:p.Ser32Phe	HLA-C*03:03	4	NFLFPFYFFA	37058.92	36980.771	0.998	1.98	1.8	0.909	114	NA	NA	NA	NA	77
ZC3H3	S/F	879	ENST00000262577.6:c.2636C>T	ENSP00000262577.5:p.Ser879Phe	HLA-C*03:03	4	SSSFSSPPA	748.5	630.925	0.843	1.99	1.81	0.91	22	NA	NA	NA	NA	77
NAGS	G/R	114	ENST00000293404.8:c.340G>A	ENSP00000293404.2:p.Gly114Arg	HLA-C*03:03	8	QAFLNQCRA	3195.89	1802.09	0.564	5.87	7.65	1.3030000000000002	48	NA	NA	NA	NA	77
SLC4A5	S/T	364	ENST00000358683.8:c.1090T>A	ENSP00000351513.4:p.Ser364Thr	HLA-C*03:03	2	FTLAELGQM	74.595	43.78	0.5870000000000001	4.14	4.59	1.109	35	NA	NA	NA	NA	77
CMSS1	V/I	156	ENST00000421999.8:c.466G>A	ENSP00000410396.2:p.Val156Ile	HLA-C*03:03	3	KSILMLII	11906.867	14780.211000000001	1.2409999999999999	16.28	371.37	22.811	103	NA	NA	NA	NA	78
GRIN2A	A/S	27	ENST00000330684.4:c.79G>T	ENSP00000332549.3:p.Ala27Ser	HLA-C*03:03	3	AASEKGPPA	55.36	41.198	0.7440000000000001	1.67	1.41	0.8440000000000001	58	NA	NA	NA	NA	79
ADAM28	G/R	303	ENST00000265769.9:c.907G>A	ENSP00000265769.4:p.Gly303Arg	HLA-C*03:03	7	TATELARTT	1266.491	1902.8339999999998	1.5019999999999998	7.99	13.82	1.73	101	NA	NA	NA	NA	80
CACNA2D2	R/H	239	ENST00000266039.7:c.716G>A	ENSP00000266039.3:p.Arg239His	HLA-C*03:03	3	ENHRQDPTL	7801.649	14523.425	1.8619999999999999	18.56	492.73	26.548000000000002	76	NA	NA	NA	NA	81
FRMD4B	S/L	883	ENST00000398540.8:c.2648C>T	ENSP00000381549.3:p.Ser883Leu	HLA-C*03:03	6	KAAAKLEHI	75.51	86.68	1.148	2.43	2.21	0.909	117	NA	NA	NA	NA	82
FLNA	T/N	859	ENST00000360319.9:c.2576C>A	ENSP00000353467.4:p.Thr859Asn	HLA-C*03:03	5	QATPNSPIR	551.367	371.35699999999997	0.674	6.54	8.27	1.265	42	NA	NA	NA	NA	83
CDC40	V/I	421	ENST00000307731.2:c.1261G>A	ENSP00000304370.1:p.Val421Ile	HLA-C*03:03	3	GAINTIVFV	145.334	168.739	1.161	9.86	17.47	1.7719999999999998	58	NA	NA	NA	NA	84
IL1R2	R/X	64	ENST00000332549.8:c.191del	ENSP00000330959.3:p.Arg64ProfsTer4	HLA-C*03:03	7	WASVSPPST	444.97	1069.76	2.404	3.8	3.74	0.9840000000000001	55	NA	NA	NA	NA	84
SLC16A2	S/N	286	ENST00000587091.6:c.857G>A	ENSP00000465734.1:p.Ser286Asn	HLA-C*03:03	9	LTYRPLLPN	1310.605	1462.87	1.1159999999999999	9.7	16.9	1.742	55	NA	NA	NA	NA	85
PCDH12	E/K	319	ENST00000231484.3:c.955G>A	ENSP00000231484.3:p.Glu319Lys	HLA-C*03:03	4	PAYKVDVQA	3147.135	2422.795	0.77	10.73	20.92	1.95	50	NA	NA	NA	NA	86
SMG5	P/L	549	ENST00000361813.5:c.1646C>T	ENSP00000355261.5:p.Pro549Leu	HLA-C*03:03	3	EALDSLNGP	8320.030999999999	12117.639	1.456	19.75	356.95	18.073	86	NA	NA	NA	NA	87
ACOT2	H/R	328	ENST00000238651.9:c.983A>G	ENSP00000238651.5:p.His328Arg	HLA-C*03:03	1	RYKGETLPPV	27133.644	25592.827999999998	0.943	19.07	288.47	15.127	15	NA	NA	NA	NA	87
NXPH2	P/S	64	ENST00000272641.4:c.190C>T	ENSP00000272641.3:p.Pro64Ser	HLA-C*03:03	2	SSVPKPGPM	17.49	148.631	8.498	6.57	7.77	1.183	82	NA	NA	NA	NA	88
TRIM60	R/T	271	ENST00000508504.1:c.812G>C	ENSP00000426496.1:p.Arg271Thr	HLA-C*03:03	2	FTLTKYGFS	5217.26	14585.3	2.7960000000000003	9.32	14.02	1.504	41	NA	NA	NA	NA	89
EDIL3	Q/K	187	ENST00000296591.10:c.559C>A	ENSP00000296591.4:p.Gln187Lys	HLA-C*03:03	2	LKKWYPYYA	16718.68	12808.2	0.7659999999999999	3.12	2.75	0.8809999999999999	29	NA	NA	NA	NA	90
PSG1	T/I	43	ENST00000244296.6:c.128C>T	ENSP00000244296.2:p.Thr43Ile	HLA-C*03:03	9	QVTIEAEPI	1349.015	4185.395	3.103	15.63	46.79	2.9939999999999998	32	NA	NA	NA	NA	91
CYP4F2	R/Q	149	ENST00000011989.11:c.446G>A	ENSP00000011989.8:p.Arg149Gln	HLA-C*03:03	1	QMLTPAFHF	5252.566999999999	4081.014	0.777	12.93	28.54	2.207	42	NA	NA	NA	NA	92
KIAA1211L	G/E	746	ENST00000397899.7:c.2237G>A	ENSP00000380996.2:p.Gly746Glu	HLA-C*03:03	8	TRAPSDQEK	9520.123	12959.288999999999	1.361	11.5	20.87	1.815	40	NA	NA	NA	NA	93
MYRIP	P/S	572	ENST00000302541.11:c.1714C>T	ENSP00000301972.6:p.Pro572Ser	HLA-C*03:03	6	NEARDSQTL	1402.0	1522.245	1.0859999999999999	6.99	8.18	1.17	123	NA	NA	NA	NA	93
ATP6V0A2	A/D	817	ENST00000330342.8:c.2450C>A	ENSP00000332247.2:p.Ala817Asp	HLA-C*03:03	6	SAFLHDIRL	91.83	88.085	0.9590000000000001	3.59	3.24	0.903	45	NA	NA	NA	NA	93
SLC18A2	A/V	425	ENST00000644641.2:c.1274C>T	ENSP00000496339.1:p.Ala425Val	HLA-C*03:03	4	YAIVDVAFC	274.845	118.385	0.431	2.65	1.98	0.747	48	NA	NA	NA	NA	94
SPRED1	R/S	256	ENST00000299084.9:c.766C>A	ENSP00000299084.4:p.Arg256Ser	HLA-C*03:03	6	RDILISRYA	4313.815	7403.61	1.716	8.41	10.93	1.3	38	NA	NA	NA	NA	95
LRFN2	A/S	680	ENST00000338305.7:c.2038G>T	ENSP00000345985.6:p.Ala680Ser	HLA-C*03:03	3	TPSGRGAGT	8806.353000000001	8706.159	0.9890000000000001	7.22	8.41	1.165	32	NA	NA	NA	NA	95
CORO2A	A/T	373	ENST00000343933.9:c.1117G>A	ENSP00000343746.5:p.Ala373Thr	HLA-C*03:03	6	IYPPTTGA	29997.953999999998	30189.615	1.006	5.76	5.92	1.028	45	NA	NA	NA	NA	96
TPTE	D/N	507	ENST00000427445.6:c.1519G>A	ENSP00000482488.1:p.Asp507Asn	HLA-C*03:03	5	MTSSNVVA	13733.454	14906.076000000001	1.085	10.07	14.34	1.4240000000000002	187	NA	NA	NA	NA	97
FBXO48	G/W	146	ENST00000377957.4:c.436G>T	ENSP00000367193.2:p.Gly146Trp	HLA-C*03:03	5	ADTWWEILEA	30292.783	25800.092999999997	0.852	4.97	4.77	0.96	118	NA	NA	NA	NA	97
USH1G	L/S	379	ENST00000614341.5:c.1136T>C	ENSP00000480279.1:p.Leu379Ser	HLA-C*03:03	3	LDSGLDEDL	4764.090999999999	4608.02	0.9670000000000001	9.59	12.9	1.345	69	NA	NA	NA	NA	97
IGLL5	R/C	23	ENST00000526893.6:c.67C>T	ENSP00000431254.1:p.Arg23Cys	HLA-C*03:03	2	QCWPLLLL	8914.907	20268.501	2.274	36.4	8396.06	230.66099999999997	41	NA	NA	NA	NA	97
CDKN2A	A/X	68	ENST00000304494.9:c.203_204del	ENSP00000307101.5:p.Ala68GlyfsTer51	HLA-C*03:03	0	GAAGRARCL	9.525	NA	NA	1.18	NA	NA	17	NA	NA	NA	NA	97
TNKS1BP1	P/S	291	ENST00000358252.8:c.871C>T	ENSP00000350990.3:p.Pro291Ser	HLA-C*03:03	7	PASPGLSAE	2612.435	3985.745	1.526	5.71	5.61	0.982	30	NA	NA	NA	NA	98
F2RL2	L/X	141	ENST00000296641.5:c.421del	ENSP00000296641.3:p.Leu141PhefsTer10	HLA-C*03:03	2	FFFVLHCPL	23.405	NA	NA	1.4	NA	NA	62	NA	NA	NA	NA	99
HTR7	G/D	291	ENST00000277874.10:c.872G>A	ENSP00000277874.6:p.Gly291Asp	HLA-C*03:03	5	IALNDIVKL	25.561	22.377	0.875	7.24	8.05	1.112	62	NA	NA	NA	NA	100
PJA1	H/Y	586	ENST00000361478.1:c.1756C>T	ENSP00000355014.1:p.His586Tyr	HLA-C*03:03	1	YGAVGQEMC	3837.985	11224.784	2.925	16.97	46.52	2.741	80	NA	NA	NA	NA	101
BRAF	V/E	640	ENST00000288602.11:c.1919T>A	ENSP00000288602.7:p.Val640Glu	HLA-C*03:03	6	FGLATEKSR	1614.983	2561.756	1.5859999999999999	6.73	7.19	1.068	54	NA	NA	NA	NA	102
AGFG1	G/R	340	ENST00000310078.12:c.1018G>A	ENSP00000312059.7:p.Gly340Arg	HLA-C*03:03	4	FSARQGGDQ	2188.52	1422.531	0.65	4.17	3.59	0.861	31	NA	NA	NA	NA	103
TICRR	T/I	1676	ENST00000560985.5:c.5027C>T	ENSP00000453306.1:p.Thr1676Ile	HLA-C*03:03	6	KHSGKITPD	8032.585	7759.11	0.966	15.51	33.01	2.128	118	NA	NA	NA	NA	103
MYO16	P/H	490	ENST00000356711.7:c.1469C>A	ENSP00000349145.2:p.Pro490His	HLA-B*40:02	5	REQRHQCFIL	26.405	31.255	1.1840000000000002	4.74	4.21	0.888	35	NA	NA	NA	NA	104
ARHGAP5	T/I	437	ENST00000539826.6:c.1310C>T	ENSP00000441692.2:p.Thr437Ile	HLA-C*03:03	3	KKILEKIQFI	28706.122000000003	33809.723	1.178	36.47	1283.61	35.196	33	NA	NA	NA	NA	104
PRMT3	E/G	181	ENST00000331079.11:c.542A>G	ENSP00000331879.6:p.Glu181Gly	HLA-C*03:03	8	AALARARGD	2116.36	1392.26	0.6579999999999999	2.74	1.51	0.551	45	NA	NA	NA	NA	105
MFSD14A	G/D	262	ENST00000370152.8:c.785G>A	ENSP00000359171.3:p.Gly262Asp	HLA-C*03:03	1	DQYSSFFL	14833.566	13752.865	0.927	2.89	1.73	0.599	66	NA	NA	NA	NA	106
ATP2C1	E/K	903	ENST00000422190.6:c.2707G>A	ENSP00000402677.2:p.Glu903Lys	HLA-C*03:03	1	KKIQKHVWL	2514.425	4645.75	1.848	38.78	3257.2	83.992	56	NA	NA	NA	NA	106
PON2	D/H	38	ENST00000222572.8:c.112G>C	ENSP00000222572.3:p.Asp38His	HLA-C*03:03	3	SVHLPHCHL	812.52	1134.075	1.396	32.33	556.69	17.219	31	NA	NA	NA	NA	107
PABPC1	R/C	493	ENST00000318607.10:c.1477C>T	ENSP00000313007.5:p.Arg493Cys	HLA-C*03:03	4	MGPCPAAA	12480.229	12097.409	0.9690000000000001	4.27	3.2	0.7490000000000001	55	NA	NA	NA	NA	108
CDH13	L/F	25	ENST00000431540.7:c.75G>T	ENSP00000408632.3:p.Leu25Phe	HLA-C*03:03	7	LTSAEDFDC	10731.6	6414.895	0.598	13.86	21.07	1.52	42	NA	NA	NA	NA	108
GCN1	R/W	1674	ENST00000300648.7:c.5020C>T	ENSP00000300648.6:p.Arg1674Trp	HLA-C*03:03	2	VWTVSAKAL	1260.535	2170.16	1.722	12.46	16.81	1.349	77	NA	NA	NA	NA	109
CABP1	AC/AX	7-8	ENST00000453000.1:c.40_41del	ENSP00000398959.1:p.Cys14ArgfsTer31	HLA-C*03:03	0	FSSPRNHHF	23.935	NA	NA	2.44	NA	NA	26	NA	NA	NA	NA	109
LTBP2	D/E	1342	ENST00000261978.9:c.4026C>A	ENSP00000261978.4:p.Asp1342Glu	HLA-C*03:03	9	FEISPSGWE	4274.495	5270.05	1.2329999999999999	9.61	10.86	1.13	29	NA	NA	NA	NA	109
ZNF28	I/T	572	ENST00000457749.7:c.1715T>C	ENSP00000397693.2:p.Ile572Thr	HLA-C*03:03	1	THTGEKPYK	14375.153999999999	13320.014	0.927	12.43	16.73	1.3459999999999999	67	NA	NA	NA	NA	110
ETV5	Y/C	445	ENST00000306376.10:c.1334A>G	ENSP00000306894.5:p.Tyr445Cys	HLA-C*03:03	1	CKFVCDPDAL	11360.578000000001	8720.871	0.768	10.32	12.24	1.186	49	NA	NA	NA	NA	111
NRCAM	L/I	571	ENST00000351718.8:c.1711C>A	ENSP00000325269.6:p.Leu571Ile	HLA-C*03:03	6	DHTLSITVL	5288.576999999999	6277.1759999999995	1.187	19.26	44.63	2.3169999999999997	118	NA	NA	NA	NA	112
LMOD1	E/K	188	ENST00000367288.5:c.562G>A	ENSP00000356257.4:p.Glu188Lys	HLA-C*03:03	6	VATKKKEEK	3254.83	2866.43	0.8809999999999999	7.36	7.41	1.0070000000000001	188	NA	NA	NA	NA	112
FCGBP	G/V	452	ENST00000616721.6:c.1355G>T	ENSP00000481056.3:p.Gly452Val	HLA-C*03:03	3	AAVQRCQVV	72.604	317.21	4.369	24.19	72.55	2.9989999999999997	35	NA	NA	NA	NA	113
GCGR	R/H	324	ENST00000400723.8:c.971G>A	ENSP00000383558.3:p.Arg324His	HLA-C*03:03	5	FIFVHIVQLL	1733.056	3077.634	1.776	16.16	28.52	1.765	107	NA	NA	NA	NA	113
RP1	S/I	1671	ENST00000220676.2:c.5012G>T	ENSP00000220676.1:p.Ser1671Ile	HLA-C*03:03	2	AILYDSEG	27033.885	21743.092	0.804	14.85	22.46	1.5119999999999998	75	NA	NA	NA	NA	114
SYT14	P/S	264	ENST00000399639.6:c.790C>T	ENSP00000445837.2:p.Pro264Ser	HLA-C*03:03	8	GNSWAVTS	38617.965	38302.831	0.992	57.05	2042.51	35.802	69	NA	NA	NA	NA	115
MTSS1	R/S	73	ENST00000378017.7:c.219G>T	ENSP00000367256.3:p.Arg73Ser	HLA-C*03:03	8	TNTRGGTSE	10758.198999999999	19141.797	1.7790000000000001	17.12	30.95	1.808	41	NA	NA	NA	NA	116
GAPVD1	L/F	35	ENST00000297933.11:c.103C>T	ENSP00000297933.6:p.Leu35Phe	HLA-C*03:03	4	ADVFKTAEK	7570.225	11330.146999999999	1.4969999999999999	15.66	24.37	1.556	81	NA	NA	NA	NA	116
MAEL	S/C	400	ENST00000367870.6:c.1199C>G	ENSP00000356844.2:p.Ser400Cys	HLA-C*03:03	7	DGYKSFCSL	299.895	403.53	1.3459999999999999	8.84	9.37	1.06	43	NA	NA	NA	NA	117
LHX3	G/E	92	ENST00000371746.9:c.275G>A	ENSP00000360811.3:p.Gly92Glu	HLA-C*03:03	2	FETKCAACQ	7945.82	3156.865	0.397	5.39	4.3	0.7979999999999999	31	NA	NA	NA	NA	117
RAD51B	R/K	385	ENST00000487861.5:c.1154G>A	ENSP00000419881.1:p.Arg385Lys	HLA-C*03:03	2	PKLLPSVSM	4528.655	5654.9	1.249	13.98	18.86	1.349	57	NA	NA	NA	NA	118
ZC3H13	D/V	728	ENST00000282007.7:c.2183A>T	ENSP00000282007.3:p.Asp728Val	HLA-C*03:03	3	ERVRDRDHD	31980.89	30859.74	0.965	63.48	2021.2	31.84	67	NA	NA	NA	NA	118
TMEM63B	R/C	362	ENST00000371893.6:c.1083C>T	ENSP00000360960.2:p.Arg362Cys	HLA-C*03:03	1	CCLVINVVL	2353.4179999999997	1689.6589999999999	0.718	22.63	58.72	2.595	135	NA	NA	NA	NA	119
TRIOBP	R/Q	497	ENST00000644935.1:c.1490G>A	ENSP00000496394.1:p.Arg497Gln	HLA-C*03:03	4	RATQDNPTT	1583.085	1511.49	0.955	6.42	5.59	0.871	24	NA	NA	NA	NA	120
TTBK1	P/S	855	ENST00000259750.9:c.2563C>T	ENSP00000259750.4:p.Pro855Ser	HLA-C*03:03	5	AELASDPDL	4382.575	3863.375	0.882	4.88	3.37	0.691	23	NA	NA	NA	NA	120
PTCH2	R/H	915	ENST00000372192.4:c.2744G>A	ENSP00000361266.3:p.Arg915His	HLA-C*03:03	9	FAQFPFLLH	774.431	831.725	1.074	7.9	7.9	1.0	30	NA	NA	NA	NA	120
SPATA5	A/V	770	ENST00000274008.5:c.2309C>T	ENSP00000274008.3:p.Ala770Val	HLA-C*03:03	3	ILVATNRPD	5766.0	3988.705	0.6920000000000001	7.46	7.12	0.9540000000000001	103	NA	NA	NA	NA	121
MED13L	S/I	958	ENST00000281928.8:c.2873G>T	ENSP00000281928.3:p.Ser958Ile	HLA-C*03:03	3	LPIHCLLPL	237.09400000000002	276.763	1.167	10.02	10.71	1.069	51	NA	NA	NA	NA	122
UBL7	L/I	70	ENST00000395081.7:c.208C>A	ENSP00000378518.2:p.Leu70Ile	HLA-C*03:03	3	RKIKDDQTL	401.3	1381.52	3.443	9.67	10.18	1.053	44	NA	NA	NA	NA	123
OR51A4	N/S	167	ENST00000380373.4:c.500A>G	ENSP00000369731.2:p.Asn167Ser	HLA-C*03:03	5	FTLRSLRYC	2969.555	3441.085	1.159	11.16	12.85	1.151	13	NA	NA	NA	NA	123
ZNF217	P/S	651	ENST00000302342.3:c.1951C>T	ENSP00000304308.3:p.Pro651Ser	HLA-C*03:03	7	ADVTPPSDG	13562.014	14642.246000000001	1.08	8.07	7.92	0.981	73	NA	NA	NA	NA	124
IGLV3-12	A/T	89	ENST00000390313.3:c.265G>A	ENSP00000374848.3:p.Ala89Thr	HLA-C*03:03	1	TTLTISRIE	9771.49	5726.52	0.586	12.81	15.69	1.225	114	NA	NA	NA	NA	124
TCF4	G/E	137	ENST00000356073.8:c.410G>A	ENSP00000348374.4:p.Gly137Glu	HLA-C*03:03	1	ETLSPTKPG	5707.39	3141.545	0.55	10.88	12.13	1.115	28	NA	NA	NA	NA	125
CSNK1G3	H/N	206	ENST00000345990.8:c.616C>A	ENSP00000334735.4:p.His206Asn	HLA-C*03:03	6	IPYRENKSL	985.638	886.21	0.899	7.7	7.24	0.94	48	NA	NA	NA	NA	125
SMC1A	A/V	193	ENST00000322213.8:c.578C>T	ENSP00000323421.3:p.Ala193Val	HLA-C*03:03	4	KNIVAERKEA	25577.821	22547.975	0.882	16.08	22.01	1.369	55	NA	NA	NA	NA	126
PDE9A	A/T	3	ENST00000398224.3:c.7G>A	ENSP00000381280.3:p.Ala3Thr	HLA-C*03:03	3	MDTFRSTPY	6205.39	5404.03	0.871	6.71	5.84	0.87	39	NA	NA	NA	NA	126
PCDHA3	D/G	792	ENST00000522353.3:c.2375A>G	ENSP00000429808.2:p.Asp792Gly	HLA-C*03:03	3	DVGVDLSAK	13319.271	16745.255	1.2570000000000001	44.44	424.39	9.55	58	NA	NA	NA	NA	126
ANKHD1	G/S	60	ENST00000360839.7:c.178G>A	ENSP00000354085.2:p.Gly60Ser	HLA-C*03:03	9	PASGVGSSS	1318.36	2426.005	1.84	9.22	9.22	1.0	23	NA	NA	NA	NA	127
MYO15A	L/F	416	ENST00000644795.1:c.1246C>T	ENSP00000495720.1:p.Leu416Phe	HLA-C*03:03	8	YHSCSEVFH	10224.23	14962.955	1.463	17.28	26.22	1.517	82	NA	NA	NA	NA	127
SUSD3	G/R	244	ENST00000375472.8:c.730G>A	ENSP00000364621.3:p.Gly244Arg	HLA-C*03:03	8	PASGLATRM	1484.25	654.15	0.441	5.39	3.42	0.635	29	NA	NA	NA	NA	128
ADAM12	P/X	854	ENST00000368679.8:c.2561del	ENSP00000357668.4:p.Pro854LeufsTer85	HLA-C*03:03	0	GSAWHPSDL	148.243	NA	NA	3.61	NA	NA	18	NA	NA	NA	NA	128
TMTC2	R/H	269	ENST00000321196.8:c.806G>A	ENSP00000322300.3:p.Arg269His	HLA-C*03:03	2	THTLTFFYL	4843.3	5741.455	1.185	16.13	21.76	1.349	105	NA	NA	NA	NA	129
TRIM51GP	S/F	222	ENST00000534741.2:c.665C>T	ENSP00000497050.1:p.Ser222Phe	HLA-C*03:03	6	ARMEHFREL	324.407	579.592	1.787	30.33	79.02	2.605	40	NA	NA	NA	NA	129
VWA5B2	G/V	1117	ENST00000426955.6:c.3350G>T	ENSP00000398688.2:p.Gly1117Val	HLA-C*03:03	8	ALLGPGVVQ	589.946	1751.182	2.968	14.44	17.97	1.244	25	NA	NA	NA	NA	130
AQP9	A/T	161	ENST00000219919.9:c.481G>A	ENSP00000219919.4:p.Ala161Thr	HLA-C*03:03	1	TFADQVVA	24400.034	22798.271	0.934	5.01	2.56	0.511	64	NA	NA	NA	NA	130
UBE2E2	P/R	31	ENST00000335798.8:c.92C>G	ENSP00000338340.4:p.Pro31Arg	HLA-C*03:03	7	ESVQQERER	8682.292	9289.683	1.07	16.35	22.16	1.355	63	NA	NA	NA	NA	130
TBC1D30	G/E	327	ENST00000539867.6:c.980G>A	ENSP00000440207.1:p.Gly327Glu	HLA-C*03:03	6	FYSTMERLT	4925.385	4581.835	0.93	10.04	10.15	1.011	43	NA	NA	NA	NA	131
AGAP3	S/C	901	ENST00000397238.7:c.2702C>G	ENSP00000380413.2:p.Ser901Cys	HLA-C*03:03	7	ANGTNPCAEL	5100.042	4416.034000000001	0.866	5.98	3.85	0.644	41	NA	NA	NA	NA	132
PRC1	G/E	507	ENST00000361188.9:c.1520G>A	ENSP00000354679.5:p.Gly507Glu	HLA-C*03:03	8	SSIRPIFEG	4461.16	5958.59	1.3359999999999999	21.81	39.59	1.815	59	NA	NA	NA	NA	132
CENPO	A/T	166	ENST00000260662.2:c.496G>A	ENSP00000260662.1:p.Ala166Thr	HLA-C*03:03	3	IATKYLQTN	1438.735	1309.06	0.91	7.76	6.93	0.893	102	NA	NA	NA	NA	133
GPR68	R/W	228	ENST00000529102.1:c.682C>T	ENSP00000432740.1:p.Arg228Trp	HLA-C*03:03	1	WLVLSTVVI	8679.485	8654.407	0.997	38.26	132.67	3.468	45	NA	NA	NA	NA	134
GRIK4	Y/X	444	ENST00000438375.2:c.1330del	ENSP00000404063.2:p.Tyr444ThrfsTer46	HLA-C*03:03	0	TAFPRPTA	1756.9289999999999	NA	NA	4.69	NA	NA	50	NA	NA	NA	NA	135
RPS6KA2	E/K	311	ENST00000265678.9:c.931G>A	ENSP00000265678.4:p.Glu311Lys	HLA-C*03:03	8	AGIDGVEKI	121.09200000000001	60.7	0.501	6.36	3.82	0.601	50	NA	NA	NA	NA	136
TRAPPC10	G/D	983	ENST00000291574.9:c.2948G>A	ENSP00000291574.4:p.Gly983Asp	HLA-C*03:03	4	VDTDDSTDL	1326.59	948.07	0.715	6.69	4.84	0.723	25	NA	NA	NA	NA	136
MYO1A	A/V	990	ENST00000300119.8:c.2969C>T	ENSP00000300119.3:p.Ala990Val	HLA-C*03:03	6	RAVLDVTQR	2623.135	1293.001	0.493	7.19	5.39	0.75	57	NA	NA	NA	NA	137
PCSK5	C/Y	747	ENST00000376752.8:c.2240G>A	ENSP00000365943.4:p.Cys747Tyr	HLA-C*03:03	1	YTEFHNCTE	8818.655999999999	13816.008	1.567	33.54	78.63	2.344	27	NA	NA	NA	NA	137
SLAIN2	T/K	509	ENST00000264313.11:c.1526C>A	ENSP00000264313.5:p.Thr509Lys	HLA-C*03:03	1	KVSANPPS	18325.356	15832.051000000001	0.8640000000000001	7.32	5.61	0.7659999999999999	111	NA	NA	NA	NA	138
ABCA13	G/D	4948	ENST00000435803.6:c.14843G>A	ENSP00000411096.1:p.Gly4948Asp	HLA-C*03:03	8	QHIKNRFDD	30427.793999999998	31428.036	1.033	30.59	59.51	1.945	112	NA	NA	NA	NA	139
AMER3	A/D	276	ENST00000321420.4:c.827C>A	ENSP00000314914.4:p.Ala276Asp	HLA-C*03:03	8	PESPTQADQ	19855.203999999998	12451.865	0.627	10.63	10.29	0.968	57	NA	NA	NA	NA	140
RNF181	A/T	55	ENST00000306368.9:c.163G>A	ENSP00000306906.4:p.Ala55Thr	HLA-C*03:03	3	PATKTVVEN	12348.79	7163.45	0.58	8.6	7.49	0.871	29	NA	NA	NA	NA	140
EFNA5	D/N	176	ENST00000333274.11:c.526G>A	ENSP00000328777.6:p.Asp176Asn	HLA-C*03:03	2	FNVNDKVEN	4003.554	7216.668000000001	1.8030000000000002	11.11	11.11	1.0	26	NA	NA	NA	NA	140
PROM2	S/R	232	ENST00000317620.14:c.696C>A	ENSP00000318270.9:p.Ser232Arg	HLA-C*03:03	4	VGVRIGSAI	466.538	121.336	0.26	12.52	13.21	1.055	48	NA	NA	NA	NA	140
MYO9A	G/V	2291	ENST00000356056.10:c.6872G>T	ENSP00000348349.5:p.Gly2291Val	HLA-C*03:03	1	VPSSPVVVR	8785.928	10488.739	1.194	13.7	14.95	1.091	16	NA	NA	NA	NA	141
CECR2	G/R	332	ENST00000262608.12:c.994G>A	ENSP00000262608.10:p.Gly332Arg	HLA-C*03:03	1	RESSEYTKM	3135.205	6278.19	2.002	16.93	20.78	1.227	115	NA	NA	NA	NA	142
NLRC3	G/R	407	ENST00000359128.10:c.1219G>A	ENSP00000352039.6:p.Gly407Arg	HLA-C*03:03	7	GRLAFHRLL	2074.7	2719.17	1.311	27.39	47.38	1.73	81	NA	NA	NA	NA	143
ADAM19	P/L	900	ENST00000257527.8:c.2699C>T	ENSP00000257527.4:p.Pro900Leu	HLA-C*03:03	5	AALALKFPE	2009.17	264.655	0.132	6.01	1.99	0.331	47	NA	NA	NA	NA	144
PLIN1	L/R	191	ENST00000300055.10:c.572T>G	ENSP00000300055.5:p.Leu191Arg	HLA-C*03:03	2	YRLPPDKEE	6078.865	2125.685	0.35	9.05	7.67	0.848	49	NA	NA	NA	NA	144
MAGEL2	P/S	235	ENST00000650528.1:c.703C>T	ENSP00000497810.1:p.Pro235Ser	HLA-C*03:03	1	SGVLMAQPL	124.35700000000001	1614.825	12.985	7.76	5.82	0.75	41	NA	NA	NA	NA	145
LHX5	A/T	308	ENST00000261731.4:c.922G>A	ENSP00000261731.2:p.Ala308Thr	HLA-C*03:03	9	PPSQAQSPT	10578.985	5042.94	0.47700000000000004	12.1	12.1	1.0	31	NA	NA	NA	NA	145
MFRP	I/M	191	ENST00000619721.6:c.573A>G	ENSP00000481824.1:p.Ile191Met	HLA-C*03:03	5	EALSMESVA	1801.615	1782.935	0.99	9.2	7.56	0.8220000000000001	50	NA	NA	NA	NA	146
KCNC1	G/E	404	ENST00000379472.4:c.1211G>A	ENSP00000368785.3:p.Gly404Glu	HLA-C*03:03	7	MTTLGYEDM	873.5010000000001	2323.991	2.661	14.34	15.26	1.064	66	NA	NA	NA	NA	147
RFC1	E/K	291	ENST00000349703.7:c.871G>A	ENSP00000261424.4:p.Glu291Lys	HLA-C*03:03	2	YKSSKESQQ	3920.585	3666.625	0.935	12.52	12.52	1.0	33	NA	NA	NA	NA	148
SCUBE3	G/E	702	ENST00000274938.8:c.2105G>A	ENSP00000274938.7:p.Gly702Glu	HLA-C*03:03	5	HSVDEFKPC	2037.31	1289.161	0.633	11.6	11.08	0.955	39	NA	NA	NA	NA	149
SOWAHA	L/V	168	ENST00000378693.4:c.502C>G	ENSP00000367965.2:p.Leu168Val	HLA-C*03:03	3	PAVELAQAT	5591.62	3266.495	0.584	16.05	17.73	1.105	43	NA	NA	NA	NA	150
ADAM19	P/L	471	ENST00000517374.5:c.1411C>T	ENSP00000431027.1:p.Pro471Leu	HLA-C*03:03	5	AALALKRVW	4493.29	741.268	0.165	6.65	2.21	0.332	47	NA	NA	NA	NA	151
ACHE	T/I	95	ENST00000241069.11:c.284C>T	ENSP00000241069.5:p.Thr95Ile	HLA-C*03:03	3	ATIFQSVCY	4288.215999999999	7300.018	1.702	14.28	14.91	1.044	101	NA	NA	NA	NA	151
SPTBN2	E/K	2047	ENST00000309996.6:c.6139G>A	ENSP00000311489.2:p.Glu2047Lys	HLA-C*03:03	5	CTVDKVESL	170.507	45.721000000000004	0.268	15.8	16.97	1.074	89	NA	NA	NA	NA	152
EFCAB5	K/N	1307	ENST00000394835.7:c.3921G>C	ENSP00000378312.3:p.Lys1307Asn	HLA-B*40:02	4	GEINKKYIL	74.38	66.61	0.8959999999999999	20.27	25.01	1.234	114	NA	NA	NA	NA	153
TMPRSS6	A/T	116	ENST00000346753.8:c.346G>A	ENSP00000334962.5:p.Ala116Thr	HLA-C*03:03	9	SSAFRSETT	2274.375	1500.315	0.66	6.97	2.11	0.303	145	NA	NA	NA	NA	154
PSMA8	G/E	36	ENST00000343848.10:c.107G>A	ENSP00000345584.6:p.Gly36Glu	HLA-C*03:03	5	STAVEIRGL	133.466	48.208	0.361	13.35	12.75	0.955	52	NA	NA	NA	NA	155
OLFM2	R/Q	58	ENST00000264833.8:c.173G>A	ENSP00000264833.3:p.Arg58Gln	HLA-C*03:03	4	TCSQDGRSR	6218.306	6653.214	1.07	11.34	9.88	0.871	31	NA	NA	NA	NA	156
FANCD2	Q/R	1035	ENST00000287647.7:c.3104A>G	ENSP00000287647.3:p.Gln1035Arg	HLA-C*03:03	5	HNYFRCLAA	5127.87	3368.23	0.657	31.74	44.63	1.406	66	NA	NA	NA	NA	157
ARHGEF25	S/N	514	ENST00000286494.9:c.1541G>A	ENSP00000286494.4:p.Ser514Asn	HLA-C*03:03	5	QAQGNTHTP	5437.065	5351.69	0.9840000000000001	17.48	18.86	1.079	49	NA	NA	NA	NA	158
PSMA8	G/E	36	ENST00000308268.10:c.107G>A	ENSP00000311121.6:p.Gly36Glu	HLA-C*03:03	4	TAVEIRGTN	4399.232	3651.171	0.83	7.42	2.37	0.319	52	NA	NA	NA	NA	158
LPCAT4	P/S	140	ENST00000314891.11:c.418C>T	ENSP00000317300.6:p.Pro140Ser	HLA-C*03:03	6	PIVLLSCDL	6631.84	6062.1	0.914	20.68	24.19	1.17	30	NA	NA	NA	NA	159
CYP11B2	L/P	50	ENST00000323110.2:c.149T>C	ENSP00000325822.2:p.Leu50Pro	HLA-C*03:03	6	PGNRWPRLL	9177.005	5949.155	0.648	75.96	163.91	2.158	78	NA	NA	NA	NA	159
ADGRF2	I/L	290	ENST00000296862.5:c.868A>C	ENSP00000296862.1:p.Ile290Leu	HLA-C*03:03	3	VFLHTMGTTI	18128.02	12451.752	0.687	8.42	4.63	0.55	77	NA	NA	NA	NA	160
DLEC1	D/N	215	ENST00000308059.11:c.643G>A	ENSP00000308597.6:p.Asp215Asn	HLA-C*03:03	2	TNTVPFHSA	3726.86	3767.265	1.011	15.98	15.98	1.0	54	NA	NA	NA	NA	161
NOVA1	A/D	256	ENST00000539517.7:c.767C>A	ENSP00000438875.2:p.Ala256Asp	HLA-C*03:03	4	ISYDNVTGP	3064.6	2615.485	0.853	12.26	10.68	0.871	73	NA	NA	NA	NA	161
CYLC2	D/N	167	ENST00000374798.8:c.499G>A	ENSP00000420256.1:p.Asp167Asn	HLA-C*03:03	1	NAEKGKDSA	5334.78	10697.694	2.005	32.86	46.09	1.403	31	NA	NA	NA	NA	161
CDCA2	Q/K	112	ENST00000330560.8:c.334C>A	ENSP00000328228.3:p.Gln112Lys	HLA-C*03:03	6	FIARQKNIK	1488.269	835.1010000000001	0.561	17.29	18.1	1.047	84	NA	NA	NA	NA	162
SH3BP4	A/V	890	ENST00000344528.8:c.2669C>T	ENSP00000340237.4:p.Ala890Val	HLA-C*03:03	8	NGVVDSEVM	689.248	410.895	0.596	10.01	6.2	0.619	50	NA	NA	NA	NA	162
PPFIA2	A/T	1234	ENST00000548586.5:c.3700G>A	ENSP00000449338.1:p.Ala1234Thr	HLA-C*03:03	4	TDVTSSRLQ	11711.537	9508.216	0.812	12.26	9.92	0.809	77	NA	NA	NA	NA	163
NHS	R/Q	373	ENST00000380060.7:c.1118G>A	ENSP00000369400.3:p.Arg373Gln	HLA-C*03:03	1	QKLRRRKTI	18539.925	16370.236	0.883	19.62	21.56	1.099	28	NA	NA	NA	NA	164
FHL2	C/WGX	272	ENST00000322142.13:c.815_816insGGGG	ENSP00000322909.8:p.Cys272TrpfsTer20	HLA-C*03:03	0	NSTQRSCCL	519.825	NA	NA	7.67	NA	NA	43	NA	NA	NA	NA	165
SKAP1	R/H	322	ENST00000336915.11:c.965G>A	ENSP00000338171.6:p.Arg322His	HLA-C*03:03	2	IHILSKEYN	22626.06	18567.485	0.821	35.37	47.71	1.349	67	NA	NA	NA	NA	166
ARHGAP33	P/L	805	ENST00000587447.3:c.2412C>T	ENSP00000466443.3:p.Pro805Leu	HLA-C*03:03	6	GPWGPLEPL	778.3560000000001	408.852	0.525	13.3	11.45	0.861	74	NA	NA	NA	NA	167
DLGAP4	A/S	343	ENST00000340491.8:c.1027G>T	ENSP00000345700.4:p.Ala343Ser	HLA-C*03:03	4	QDLSGFWDL	2720.5	2218.29	0.815	12.35	9.54	0.772	68	NA	NA	NA	NA	168
ST18	K/Q	767	ENST00000276480.11:c.2299A>C	ENSP00000276480.7:p.Lys767Gln	HLA-C*03:03	4	QELQCPTPG	12603.335	17397.17	1.38	14.44	12.93	0.895	53	NA	NA	NA	NA	168
EPRS	A/V	1393	ENST00000366923.8:c.4178C>T	ENSP00000355890.3:p.Ala1393Val	HLA-C*03:03	3	TVVENEAET	5241.069	2463.679	0.47	16.17	15.44	0.955	107	NA	NA	NA	NA	169
PDE9A	R/H	20	ENST00000291539.11:c.59G>A	ENSP00000291539.6:p.Arg20His	HLA-C*03:03	6	LDIDGHIQK	7041.848000000001	10609.585	1.507	25.21	28.95	1.148	39	NA	NA	NA	NA	169
USP30	C/F	129	ENST00000257548.10:c.386G>T	ENSP00000257548.5:p.Cys129Phe	HLA-C*03:03	5	KALSFQEVT	1497.95	1380.01	0.9209999999999999	12.82	10.25	0.8	81	NA	NA	NA	NA	170
SPDEF	D/H	283	ENST00000374037.8:c.847G>C	ENSP00000363149.3:p.Asp283His	HLA-C*03:03	2	EHSAQVARL	9136.82	6505.267	0.7120000000000001	17.56	17.56	1.0	59	NA	NA	NA	NA	171
SLC22A8	N/S	450	ENST00000311438.12:c.1349A>G	ENSP00000311463.8:p.Asn450Ser	HLA-C*03:03	2	SSLWTRVGSM	4879.775	15834.883999999998	3.245	10.75	6.57	0.611	50	NA	NA	NA	NA	172
LPIN2	T/N	296	ENST00000261596.8:c.887C>A	ENSP00000261596.4:p.Thr296Asn	HLA-C*03:03	9	ATITPSENN	2989.949	2999.205	1.003	18.73	18.73	1.0	31	NA	NA	NA	NA	173
U2SURP	L/I	374	ENST00000473835.7:c.1120C>A	ENSP00000418563.1:p.Leu374Ile	HLA-C*03:03	4	EHTIPPPPS	17089.04	18033.223	1.055	12.52	9.37	0.748	62	NA	NA	NA	NA	174
ZBTB41	F/V	164	ENST00000367405.4:c.490T>G	ENSP00000356375.3:p.Phe164Val	HLA-C*03:03	3	AKVLDIIDA	11881.07	12617.816	1.062	10.78	5.78	0.536	44	NA	NA	NA	NA	175
WFIKKN1	K/N	464	ENST00000319070.3:c.1392G>T	ENSP00000324763.2:p.Lys464Asn	HLA-C*03:03	5	EDVLNDDKM	13282.778	15453.038999999999	1.163	31.67	36.44	1.151	76	NA	NA	NA	NA	176
PSMA8	E/K	58	ENST00000538664.2:c.172G>A	ENSP00000440327.2:p.Glu58Lys	HLA-C*03:03	7	AHLKKSKFE	22438.075	19536.15	0.871	20.26	20.45	1.0090000000000001	52	NA	NA	NA	NA	176
TNPO1	Q/H	38	ENST00000337273.9:c.114G>T	ENSP00000336712.5:p.Gln38His	HLA-C*03:03	4	TTIHRTVQQ	8731.325	7404.784000000001	0.848	28.88	31.81	1.101	15	NA	NA	NA	NA	177
S100A7A	G/W	98	ENST00000329256.2:c.292G>T	ENSP00000329008.2:p.Gly98Trp	HLA-C*03:03	7	GAAPCSWGS	1595.21	1353.235	0.848	15.12	11.79	0.78	89	NA	NA	NA	NA	178
EXOC1	P/S	774	ENST00000381295.7:c.2320C>T	ENSP00000370695.2:p.Pro774Ser	HLA-C*03:03	8	VIYSLGQSL	36.321999999999996	30.98	0.853	10.56	3.44	0.326	15	NA	NA	NA	NA	178
SSTR5	G/D	324	ENST00000293897.5:c.971G>A	ENSP00000293897.4:p.Gly324Asp	HLA-C*03:03	6	LCLRKDSGA	10954.63	8940.19	0.816	34.17	39.77	1.1640000000000001	76	NA	NA	NA	NA	179
FBN2	A/V	780	ENST00000262464.9:c.2339C>T	ENSP00000262464.4:p.Ala780Val	HLA-C*03:03	3	ICVNGICEN	8118.818	5550.544	0.684	19.35	18.48	0.955	46	NA	NA	NA	NA	179
PABPC3	G/R	234	ENST00000281589.4:c.700G>A	ENSP00000281589.3:p.Gly234Arg	HLA-C*03:03	1	RFVSFERHE	15521.77	14587.168	0.94	37.9	46.52	1.227	96	NA	NA	NA	NA	180
FAT1	A/V	445	ENST00000509647.1:c.1334C>T	ENSP00000423736.1:p.Ala445Val	HLA-C*03:03	7	TTSDRKVST	6930.499	7694.595	1.11	12.87	8.03	0.624	96	NA	NA	NA	NA	180
GARNL3	L/Q	867	ENST00000373387.9:c.2600T>A	ENSP00000362485.4:p.Leu867Gln	HLA-C*03:03	7	RSIERPQKS	2550.31	3346.09	1.3119999999999998	37.74	46.04	1.22	125	NA	NA	NA	NA	181
MED1	H/N	153	ENST00000300651.11:c.457C>A	ENSP00000300651.6:p.His153Asn	HLA-C*03:03	5	EFSKNLKGL	8177.129	6200.05	0.758	28.1	29.5	1.05	26	NA	NA	NA	NA	182
GOLGA5	EK/E	403-404	ENST00000163416.7:c.1214_1216del	ENSP00000163416.2:p.Lys405del	HLA-C*03:03	5	SDEKRVDEL	3798.86	8295.591999999999	2.184	50.77	65.86	1.297	88	NA	NA	NA	NA	183
ZSCAN12	Y/H	525	ENST00000361028.5:c.1573T>C	ENSP00000354305.1:p.Tyr525His	HLA-C*03:03	9	RIHTGERPH	9926.983	5510.415	0.555	19.04	17.44	0.9159999999999999	52	NA	NA	NA	NA	183
IL1RL1	E/K	294	ENST00000233954.6:c.880G>A	ENSP00000233954.1:p.Glu294Lys	HLA-C*03:03	5	ADVKKEDLL	5419.142	5847.6359999999995	1.079	20.78	20.03	0.9640000000000001	87	NA	NA	NA	NA	183
KIF16B	E/D	995	ENST00000354981.6:c.2985G>T	ENSP00000347076.2:p.Glu995Asp	HLA-C*03:03	2	LDSREKQQR	12734.726	13787.561000000002	1.083	23.26	23.26	1.0	160	NA	NA	NA	NA	183
GUCA1B	G/E	120	ENST00000230361.4:c.359G>A	ENSP00000230361.3:p.Gly120Glu	HLA-C*03:03	9	LELLNIVEE	14889.542	15600.567	1.048	23.58	23.58	1.0	61	NA	NA	NA	NA	184
ABCA3	G/D	109	ENST00000301732.10:c.326G>A	ENSP00000301732.5:p.Gly109Asp	HLA-C*03:03	5	MRVRDFPSE	13284.855	12007.64	0.904	34.4	38.25	1.112	64	NA	NA	NA	NA	185
PNMA3	P/L	342	ENST00000593810.2:c.1025C>T	ENSP00000469445.1:p.Pro342Leu	HLA-C*03:03	5	ATLGLDRES	3165.96	2252.88	0.7120000000000001	11.96	3.97	0.332	38	NA	NA	NA	NA	185
E4F1	V/I	512	ENST00000301727.9:c.1534G>A	ENSP00000301727.4:p.Val512Ile	HLA-C*03:03	2	RIHSDERPY	5416.979	3959.663	0.731	16.43	13.2	0.8029999999999999	59	NA	NA	NA	NA	186
TNPO3	A/V	591	ENST00000265388.9:c.1772C>T	ENSP00000265388.5:p.Ala591Val	HLA-C*03:03	8	LCSVQVMVL	1093.147	383.103	0.35	14.24	8.82	0.619	152	NA	NA	NA	NA	187
ZBTB40	R/G	389	ENST00000375647.5:c.1165A>G	ENSP00000364798.4:p.Arg389Gly	HLA-C*03:03	6	TGTEKGVIL	530.33	874.6039999999999	1.649	29.22	30.1	1.03	59	NA	NA	NA	NA	188
RNPEPL1	D/N	417	ENST00000270357.10:c.1249G>A	ENSP00000270357.4:p.Asp417Asn	HLA-B*40:02	3	GENSPVSKL	256.925	773.51	3.011	36.908	40.972	1.11	58	NA	NA	NA	NA	189
ANKRD18A	E/K	654	ENST00000399703.6:c.1960G>A	ENSP00000382610.4:p.Glu654Lys	HLA-C*03:03	7	CHINLNKTW	21473.077999999998	17031.246	0.7929999999999999	80.31	102.75	1.2790000000000001	69	NA	NA	NA	NA	190
SLC8A3	G/C	157	ENST00000356921.6:c.469G>T	ENSP00000349392.2:p.Gly157Cys	HLA-C*03:03	9	LLSLIEVCC	20692.602	15161.385	0.733	29.15	29.15	1.0	111	NA	NA	NA	NA	191
BMP3	R/H	87	ENST00000282701.3:c.260G>A	ENSP00000282701.2:p.Arg87His	HLA-C*03:03	7	GGSQPWHPR	3678.07	3267.011	0.888	14.82	8.75	0.59	73	NA	NA	NA	NA	191
PDE9A	A/T	3	ENST00000398227.7:c.7G>A	ENSP00000381283.3:p.Ala3Thr	HLA-C*03:03	3	MDTFRRAFK	14090.368	13673.344	0.97	19.44	16.93	0.871	39	NA	NA	NA	NA	192
SCARA5	E/K	227	ENST00000518030.1:c.679G>A	ENSP00000430713.1:p.Glu227Lys	HLA-C*03:03	7	LAHVGMKL	1688.405	727.199	0.431	12.37	2.46	0.19899999999999998	19	NA	NA	NA	NA	193
TP63	M/I	499	ENST00000320472.9:c.1497G>T	ENSP00000317510.5:p.Met499Ile	HLA-C*03:03	7	TTIPDGIGA	476.278	473.028	0.993	18.01	14.31	0.795	52	NA	NA	NA	NA	194
DMRT2	P/S	470	ENST00000358146.6:c.1408C>T	ENSP00000350865.2:p.Pro470Ser	HLA-C*03:03	7	LPLRHNSFH	14462.34	11905.02	0.823	26.59	24.7	0.929	73	NA	NA	NA	NA	195
LAMB1	A/T	403	ENST00000222399.11:c.1207G>A	ENSP00000222399.6:p.Ala403Thr	HLA-C*03:03	3	DPTGSQNEG	15690.005	14123.79	0.9	21.76	18.95	0.871	115	NA	NA	NA	NA	196
KATNA1	P/S	241	ENST00000335647.9:c.721C>T	ENSP00000335106.5:p.Pro241Ser	HLA-C*03:03	8	FFKGIRRSW	7945.733	2968.37	0.374	15.19	5.55	0.365	56	NA	NA	NA	NA	197
CCDC144A	M/I	803	ENST00000360524.12:c.2409G>A	ENSP00000353717.8:p.Met803Ile	HLA-B*40:02	10	KELEMARKKI	684.125	522.865	0.764	53.883	60.703	1.127	47	NA	NA	NA	NA	197
TCF4	G/E	137	ENST00000562543.5:c.410G>A	ENSP00000455450.1:p.Gly137Glu	HLA-C*03:03	7	MDMGNPETL	185.84099999999998	294.483	1.585	38.42	40.89	1.064	28	NA	NA	NA	NA	198
OBSCN	A/T	4180	ENST00000662438.1:c.12538G>A	ENSP00000499633.1:p.Ala4180Thr	HLA-C*03:03	6	CELSKTAPV	3344.96	3229.055	0.965	24.14	21.37	0.885	110	NA	NA	NA	NA	199
APOL4	A/V	324	ENST00000352371.5:c.971C>T	ENSP00000338260.3:p.Ala324Val	HLA-C*03:03	6	AKSESVESL	1378.922	452.84	0.32799999999999996	16.13	7.79	0.483	47	NA	NA	NA	NA	200
PDE9A	A/T	3	ENST00000398225.7:c.7G>A	ENSP00000381281.3:p.Ala3Thr	HLA-C*03:03	3	MDTFRRNTT	18428.895	13520.31	0.7340000000000001	23.58	20.54	0.871	39	NA	NA	NA	NA	200
SPO11	G/S	50	ENST00000345868.8:c.148G>A	ENSP00000316034.4:p.Gly50Ser	HLA-B*40:02	6	FEDSVSLQM	580.885	830.765	1.43	38.25	39.788000000000004	1.04	41	NA	NA	NA	NA	201
ELAVL4	H/N	12	ENST00000357083.8:c.34C>A	ENSP00000349594.5:p.His12Asn	HLA-C*03:03	4	GCVNGGKGL	1559.335	1380.359	0.885	20.6	15.66	0.76	45	NA	NA	NA	NA	202
NDC80	A/P	605	ENST00000261597.9:c.1813G>C	ENSP00000261597.4:p.Ala605Pro	HLA-C*03:03	1	PKVDREYEE	27835.342	8602.13	0.309	20.03	14.61	0.7290000000000001	12	NA	NA	NA	NA	203
NUDT14	T/P	44	ENST00000392568.7:c.130A>C	ENSP00000376349.2:p.Thr44Pro	HLA-C*03:03	7	KTHDSVPVL	535.19	262.365	0.49	36.111999999999995	33.475	0.927	65	NA	NA	NA	NA	204
ABCB1	A/V	503	ENST00000265724.7:c.1508C>T	ENSP00000265724.3:p.Ala503Val	HLA-C*03:03	3	EKVVKEANA	24095.06	25983.605	1.078	37.72	36.03	0.955	131	NA	NA	NA	NA	205
ADGRA2	E/K	646	ENST00000315215.11:c.1936G>A	ENSP00000323508.7:p.Glu646Lys	HLA-C*03:03	2	KKLTWRAPP	14162.56	14193.67	1.002	48.15	48.15	1.0	43	NA	NA	NA	NA	206
GRM5	E/K	909	ENST00000305432.9:c.2725G>A	ENSP00000305905.5:p.Glu909Lys	HLA-C*03:03	9	LSIHINKKK	8730.8	13194.291000000001	1.511	49.61	49.61	1.0	28	NA	NA	NA	NA	207
PKN1	R/C	185	ENST00000242783.10:c.553C>T	ENSP00000242783.6:p.Arg185Cys	HLA-C*03:03	1	CRALQAGQL	3348.02	3079.1	0.92	31.89	27.9	0.875	73	NA	NA	NA	NA	208
CUBN	P/Q	3475	ENST00000377833.9:c.10424C>A	ENSP00000367064.4:p.Pro3475Gln	HLA-C*03:03	4	TLLQNPVFS	9239.27	6002.01	0.65	22.42	16.02	0.715	43	NA	NA	NA	NA	208
SEMA4C	R/W	407	ENST00000305476.10:c.1219C>T	ENSP00000306844.5:p.Arg407Trp	HLA-C*03:03	6	EQVGPWWSR	12083.212	13608.153	1.126	36.54	33.63	0.92	43	NA	NA	NA	NA	209
ATP2C1	E/K	903	ENST00000359644.7:c.2707G>A	ENSP00000352665.3:p.Glu903Lys	HLA-C*03:03	5	ERSRKKIQK	24714.342	20313.506	0.8220000000000001	40.14	38.69	0.9640000000000001	56	NA	NA	NA	NA	209
ADAMTS13	R/H	398	ENST00000355699.6:c.1193G>A	ENSP00000347927.2:p.Arg398His	HLA-C*03:03	4	PCSHSCGGG	29155.367000000002	28827.645	0.9890000000000001	39.96	38.34	0.9590000000000001	36	NA	NA	NA	NA	210
CLSTN2	Q/H	262	ENST00000458420.7:c.786A>C	ENSP00000402460.2:p.Gln262His	HLA-C*03:03	9	KPVCKPGWH	20139.63	20976.862	1.042	75.12	77.76	1.035	22	NA	NA	NA	NA	211
RBM19	E/K	115	ENST00000261741.10:c.343G>A	ENSP00000261741.5:p.Glu115Lys	HLA-C*03:03	7	PEIKKDKKK	18077.519	15810.635	0.875	54.65	55.16	1.0090000000000001	45	NA	NA	NA	NA	211
KATNA1	P/L	241	ENST00000335647.9:c.722C>T	ENSP00000335106.5:p.Pro241Leu	HLA-C*03:03	8	FFKGIRRLW	14756.688	2968.37	0.201	18.6	5.55	0.298	54	NA	NA	NA	NA	212
DPP10	I/N	82	ENST00000310323.12:c.245T>A	ENSP00000309066.8:p.Ile82Asn	HLA-C*03:03	6	PEARWNNDT	32582.683999999997	27006.586	0.8290000000000001	33.39	26.04	0.78	43	NA	NA	NA	NA	213
ANLN	Q/R	649	ENST00000265748.7:c.1946A>G	ENSP00000265748.2:p.Gln649Arg	HLA-C*03:03	1	RRTRVPRAE	20121.4	22796.58	1.133	43.31	39.41	0.91	96	NA	NA	NA	NA	213
ARHGAP29	G/V	1036	ENST00000260526.11:c.3107G>T	ENSP00000260526.6:p.Gly1036Val	HLA-C*03:03	6	PNERNVRNM	18580.214	15134.073999999999	0.815	51.0	46.95	0.9209999999999999	54	NA	NA	NA	NA	214
LMLN2	D/N	326	ENST00000642668.1:c.976G>A	ENSP00000495729.1:p.Asp326Asn	HLA-C*03:03	4	TRLNPITLA	9567.427	7303.847	0.763	26.1	14.88	0.57	67	NA	NA	NA	NA	214
SON	E/D	23	ENST00000300278.8:c.69G>T	ENSP00000300278.2:p.Glu23Asp	HLA-C*03:03	1	DLSSGRNEG	12003.911	14042.87	1.17	30.88	22.01	0.713	73	NA	NA	NA	NA	215
NCOA6	A/V	1215	ENST00000359003.7:c.3644C>T	ENSP00000351894.2:p.Ala1215Val	HLA-C*03:03	2	RVSPRPYYP	5907.465	1067.765	0.18100000000000002	21.31	5.39	0.253	84	NA	NA	NA	NA	216
NOSIP	P/L	297	ENST00000596358.6:c.890C>T	ENSP00000470034.1:p.Pro297Leu	HLA-C*03:03	7	QAEKSRLVM	623.789	403.20599999999996	0.6459999999999999	28.16	11.42	0.406	44	NA	NA	NA	NA	217
PTPRR	F/L	476	ENST00000283228.7:c.1428C>G	ENSP00000283228.2:p.Phe476Leu	HLA-C*03:03	6	NTVDDLWQM	1368.056	1092.88	0.799	30.31	11.87	0.392	64	NA	NA	NA	NA	218
ZRANB1	A/T	29	ENST00000359653.4:c.85G>A	ENSP00000352676.4:p.Ala29Thr	HLA-C*03:03	2	RTQRPSGTI	1903.945	78.84	0.040999999999999995	26.95	7.39	0.27399999999999997	59	NA	NA	NA	NA	219
GPR65	C/Y	250	ENST00000267549.5:c.749G>A	ENSP00000267549.3:p.Cys250Tyr	HLA-C*03:03	3	IRYILEHA	33669.806000000004	39112.138	1.162	31.19	10.54	0.33799999999999997	85	NA	NA	NA	NA	220
P2RX4	K/R	52	ENST00000337233.8:c.155A>G	ENSP00000336607.4:p.Lys52Arg	HLA-C*03:03	2	ERGYQETDS	18924.9	20724.808999999997	1.095	60.2	44.63	0.741	79	NA	NA	NA	NA	221
CLTCL1	A/V	874	ENST00000427926.6:c.2621C>T	ENSP00000441158.1:p.Ala874Val	HLA-C*03:03	2	PVTHNALAK	12453.046	3466.5679999999998	0.278	36.7	9.28	0.253	53	NA	NA	NA	NA	222
SLC16A14	E/K	247	ENST00000295190.9:c.739G>A	ENSP00000295190.4:p.Glu247Lys	HLA-C*03:03	8	TGQQGRTKE	23308.034	13405.618	0.575	52.43	22.11	0.42200000000000004	103	NA	NA	NA	NA	223
PKDREJ	A/V	784	ENST00000253255.7:c.2351C>T	ENSP00000253255.5:p.Ala784Val	HLA-C*03:03	9	RATMRVWQV	1015.77	2044.69	2.013	50.42	11.47	0.22699999999999998	146	NA	NA	NA	NA	224
